fusion,model,RMSE,MAE,R2
early,xgboost_lag,0.389994850049061,0.3099698434278229,0.8628416881982311
early,lstm,0.4979145829495816,0.3854608721192465,0.7764297157636497
intermediate,lstm_tcn,0.3119348683710748,0.2482940152095862,0.9122530088558212
intermediate,lstm_tcn,0.2590102006805658,0.2023523056235547,0.9395024031480452
