{
  "RMSE": 0.31874834712109984,
  "MAE": 0.25714804902938226,
  "R2": 0.9083778941207491
}